name,address,city,country,phone,email,star_rating,property_type,price_per_night,image_url,amenities,description
Rixos Downtown Antalya - The Land Of Legends Erişimi,"Antalya Archaeology Museum, Antalya",Antalya,Turkey,+1 000-555-1001,reservations@rixos-downtown-antalya-the-land-of-legends-eri-imi.example.com,5,HOTEL,474,https://lh3.googleusercontent.com/gps-cs-s/APNQkAHqTqEGw09FogjjGX4EIn3QLRIRA-lpK4L-y5fL0zeHGBYV-Sn0ZI9AVDu3c8NPvvUZN_5aNIFjjGA7XBi3MNLIcKh4xlE84saOO6UNHCSi8YqDDPH7yai1E_hIWNyHp2wo8K0L=s10000,Breakfast ($)|Free Wi-Fi|Free parking|Outdoor pool|Air conditioning|Fitness center|All inclusive available|Bar,"High-end lodging with stylish restaurants, a plush spa & a pool, plus tennis & water sports."
PEARLY HOTEL,"Konyaaltı Beaches, Antalya",Antalya,Turkey,+1 000-555-1002,reservations@pearly-hotel.example.com,3,HOTEL,100,https://lh3.googleusercontent.com/gps-cs-s/APNQkAG73tFPURezCF9kJq5w5bRhJsBfVY1EqHWh51olF74kSFGA8CR0MEe8Cjn6a1JSZ3izNEMfmRuc2unzqTeau1YhCIsYcaO_1DiqiKtYh330UNiqJ3WtVXo9b_dSLtHa5i4P5pNz=s10000,Free breakfast|Free Wi-Fi|Free parking|Hot tub|Air conditioning|Pet-friendly|Fitness center|Spa,A 3-star hotel in Antalya with easy access to the city's top attractions.
Crowne Plaza Antalya by IHG,"Konyaaltı Beaches, Antalya",Antalya,Turkey,+1 000-555-1003,reservations@crowne-plaza-antalya-by-ihg.example.com,5,HOTEL,110,https://lh3.googleusercontent.com/gps-cs-s/APNQkAHvfDwV85E8ec2DG0ggbDViVN_W58da-TXVH_syaaL2H2onJLJgmeXmNrhgK6yl-dH5bJ-lfzZqfXEGPyWt_knWtSrqmJxWXc_AxkyPkVSAnIvzSuFahrK6ab3LR-S4Bb7ub30-=s10000,Breakfast ($)|Free Wi-Fi|Free parking|Pools|Hot tub|Air conditioning|Pet-friendly|Fitness center,"Refined hotel with contemporary rooms, 2 restaurants & 3 bars, plus pools & a spa."
La Maja Hotel,"Lower Duden Waterfalls, Antalya",Antalya,Turkey,+1 000-555-1004,reservations@la-maja-hotel.example.com,5,HOTEL,123,https://photos.hotelbeds.com/giata/original/10/1035098/1035098a_hb_w_027.jpg,Free breakfast|Free Wi-Fi|Free parking|Outdoor pool|Air conditioning|Bar|Restaurant|Full-service laundry,A 5-star hotel in Antalya with easy access to the city's top attractions.
Akra Hotel,"İsmet Gökşen Cd-1, Antalya",Antalya,Turkey,+1 000-555-1005,reservations@akra-hotel.example.com,5,HOTEL,262,https://lh3.googleusercontent.com/gps-cs-s/APNQkAHOKxFU2bXRQuqj-_QuOvPVUjTVr-9Ug-IbivIdY6LQfB2YN9K6s1Dlj88AF_Pq7VILX2WTWepqun0sucS_SP-DqJU70FkqwPKAAGfCqqkihbiD6JxU2M7frBvyaB0-aa9Wmv0xIhHqczY=s10000,Free breakfast|Free Wi-Fi|Free parking|Pools|Air conditioning|Fitness center|Spa|Beach access,"Seaside lodging offering posh rooms, upscale dining & a bar, plus tennis courts & outdoor pools."
AG Hotels Antalya,"Ataturk House & Museum, Antalya",Antalya,Turkey,+1 000-555-1006,reservations@ag-hotels-antalya.example.com,5,HOTEL,69,https://lh3.googleusercontent.com/gps-cs-s/APNQkAGa_uI9fRuM35khgzvYcrd-wWOearYy-FLZB4UwSopf5VbAlp2MA5IQ5PDE_Dbq4VuKqH5l1f4YuR1zfTvqvwvLg0NUsoLxiR2TbpAGpz4uiBjyGZk2gchpVrJuF0kuCSS7NaM=s10000,Free breakfast|Free Wi-Fi|Free parking|Air conditioning|Restaurant|Room service|Airport shuttle|Full-service laundry,"Sleek hotel featuring minimalist rooms & an airy restaurant, plus a cafe & parking."
Hotel Lykia Old Town Antalya - Cafe & Breakfast,"Kaleiçi Old Town, Antalya",Antalya,Turkey,+1 000-555-1007,reservations@hotel-lykia-old-town-antalya-cafe-breakfast.example.com,5,HOTEL,123,https://lh3.googleusercontent.com/gps-cs-s/APNQkAEBX8G_0CLeQuaSKvnY32ruNsTUkOIAs6xLSVhiavuzR_wDWoiUDhMbPmZ0byFF797qBC7pE9ByHySti_gX9jiwnXGBtt7a2ccAl4jmV_NgkCZ0aVDL5WjOafbdOIjzprBDtCAU=s10000,Free breakfast|Free Wi-Fi|Outdoor pool|Air conditioning|Bar|Room service|Kitchen in some rooms|Airport shuttle,"Genteel hotel in an 1800s mansion offering elegant rooms, a walled garden & an outdoor pool."
DoubleTree by Hilton Antalya City Centre,"Antalya Archaeology Museum, Antalya",Antalya,Turkey,+1 000-555-1008,reservations@doubletree-by-hilton-antalya-city-centre.example.com,5,HOTEL,200,https://lh3.googleusercontent.com/gps-cs-s/APNQkAF_OKo5F7_TE5DGO4lF4R7SbRWuQRBs_ePMVUBfNtdYEmPmSOfKO1ah17U2rWGiKFhVSROOJuT_fDMZmCHP-Ycvkc1AdyEKt1etPjFir7nLIbhWczJBthpWsZ7uw14q8fPnytnC=s10000,Breakfast ($)|Free Wi-Fi|Free parking|Pools|Hot tub|Air conditioning|Fitness center|Spa,"Upmarket, contemporary hotel offering a restaurant, a gym & a spa, plus a rooftop pool."
Ramada Plaza by Wyndham Antalya,"Ataturk House & Museum, Antalya",Antalya,Turkey,+1 000-555-1009,reservations@ramada-plaza-by-wyndham-antalya.example.com,5,HOTEL,186,https://i.giatamedia.com/m.php?m=AQABAAAAla4KAM9ezQMFAM34Yf1dCfvlrwGS-yJbW4Y,Free breakfast|Free Wi-Fi|Free parking|Pools|Hot tub|Air conditioning|Fitness center|All inclusive available,"Modern lodging with an outdoor pool, a Turkish bath & 3 restaurants, plus free breakfast & Wi-Fi."
Adonis Otel,"İsmet Gökşen Cd-4, Antalya",Antalya,Turkey,+1 000-555-1010,reservations@adonis-otel.example.com,5,HOTEL,153,https://photos.hotelbeds.com/giata/original/02/021074/021074a_hb_a_008.jpg,Free breakfast|Wi-Fi ($)|Free parking|Hot tub|Air conditioning|Fitness center|All inclusive available|Beach access,"Relaxed quarters, some with sea views, in a refined hotel with buffet dining, a spa & a nightclub."
Art Nouveau Galata - Deluxe Suite with Balcony,"Şişhane, Istanbul",Istanbul,Turkey,+1 000-555-1011,reservations@art-nouveau-galata-deluxe-suite-with-balcony.example.com,5,APARTMENT,72,https://freecancellationscdn-hsbgcwfragasdpfe.z01.azurefd.net/remote/images.trvl-media.com/lodging/13000000/12580000/12579100/12579094/8aa25aa5.jpg?impolicy=ccrop&w=1000&h=666&q=medium&w=1024&h=683&mode=crop&scale=both&anchor=middlecenter&quality=80,Air conditioning|Airport shuttle|Kid-friendly|Crib|Heating|Ironing board|Kitchen|Smoke-free,A 5-star vacation rental in Istanbul with easy access to the city's top attractions.
Radisson Hotel Istanbul Sultanahmet,"Grand Bazaar, Istanbul",Istanbul,Turkey,+1 000-555-1012,reservations@radisson-hotel-istanbul-sultanahmet.example.com,4,HOTEL,97,https://lh3.googleusercontent.com/gps-cs-s/APNQkAHDAlo0Jj3qoxRKq6CmbEt3kjP6aY-Be3mncSSIoY1J10dGLyuweFSkpdA4NIB4SeUw7Vmn6PoKIjq_em5Yeq7aHDYXDvgJwmTYqF6XVyKIbfv5gRsSf69NIjYoEX5S8vXAri3z42ZPnpI=s10000,Free breakfast|Free Wi-Fi|Free parking|Air conditioning|Bar|Restaurant|Room service|Airport shuttle,"Low-key quarters in a relaxed hotel offering a quaint restaurant, plus a casual cafe with sea views."
Ramada By Wyndham Istanbul Pera,"Dolmabahçe Palace, Istanbul",Istanbul,Turkey,+1 000-555-1013,reservations@ramada-by-wyndham-istanbul-pera.example.com,5,HOTEL,76,https://lh3.googleusercontent.com/gps-cs-s/APNQkAFNJfnzKgB4e0-qbfidX_4yoffKVqtPomJcR-9ztM-mYbwfZS9pb_dspTkhkyXgzbOIUKFtHirgeHKQncKcD2lACHzga_FvLOPTWkBZbBS1VWxOvklmSQO8QRahNfU8EPY3VHaP=s10000,Free breakfast|Free Wi-Fi|Parking|Hot tub|Air conditioning|Pet-friendly|Fitness center|Spa,"Laid-back rooms in a city center hotel featuring 2 eateries, a gym & a wellness area."
MENAR HOTELSUITES -Old City Sultanahmet - Junior Suite with Balcony and Sea View,"Istanbul Airport, Istanbul",Istanbul,Turkey,+1 000-555-1014,reservations@menar-hotelsuites-old-city-sultanahmet-junior-suite-with-balcony-and-sea-view.example.com,5,APARTMENT,99,https://static.cupid.travel/hotels/318517331.jpg,Air conditioning|Airport shuttle|Kid-friendly|Crib|Elevator|Fitness center|Heating|Indoor pool,A 5-star vacation rental in Istanbul with easy access to the city's top attractions.
Sura Hagia Sophia Hotel İstanbul,"Basilica Cistern, Istanbul",Istanbul,Turkey,+1 000-555-1015,reservations@sura-hagia-sophia-hotel-i-stanbul.example.com,5,HOTEL,134,https://lh3.googleusercontent.com/gps-cs-s/APNQkAFk2fSnDqf0Gq93i3r2gsTiSZFVauNd_QQFoJ3-d_oB5fyomgZYK1ANZGfi53jXJLcb3P1IMfiMAFE0tr23-qUBtklPkx1dfLeoBrQCNhB4FVV6EG-6R27aQ2fCpO61kb8PHp-gVA=s10000,Breakfast ($)|Free Wi-Fi|Free parking|Outdoor pool|Hot tub|Air conditioning|Fitness center|Spa,"Sophisticated hotel featuring breakfast & Wi-Fi, plus a spa, an outdoor pool & gardens."
Legacy Ottoman Hotel,"Egyptian Bazaar, Istanbul",Istanbul,Turkey,+1 000-555-1016,reservations@legacy-ottoman-hotel.example.com,5,HOTEL,88,https://lh3.googleusercontent.com/gps-cs-s/APNQkAGwzYRArr4QtGkPkb8tPb2ac54dDxjLDk6xNMoEmhc2dDVrghSTJRjMVV1GT3gcIm7tJJh5duEZmTPV1Je8I8TVeo9HrwGbi7IMIIruUPZ6W6Eh1zJf_FY4Mxx4sDZZnjGloVsMMQ=s10000,Free breakfast|Free Wi-Fi|Parking|Indoor pool|Hot tub|Air conditioning|Fitness center|Spa,"Elegant quarters in a regal hotel offering a rooftop restaurant & bar, a cozy cafe & a spa."
Four Seasons Hotel Istanbul At Sultanahmet,"Hagia Sophia Grand Mosque, Istanbul",Istanbul,Turkey,+1 000-555-1017,reservations@four-seasons-hotel-istanbul-at-sultanahmet.example.com,5,HOTEL,568,https://photos.hotelbeds.com/giata/original/08/083372/083372a_hb_r_001.jpg,Breakfast ($)|Free Wi-Fi|Free parking|Air conditioning|Pet-friendly|Fitness center|Spa|Bar,"Neoclassical lodging & a spa set in an former jail with elegant dining, a rooftop lounge & a spa."
AJWA Sultanahmet,"Grand Bazaar, Istanbul",Istanbul,Turkey,+1 000-555-1018,reservations@ajwa-sultanahmet.example.com,5,HOTEL,320,https://lh3.googleusercontent.com/gps-cs-s/APNQkAFPZAGnpzVtbK1jbp_RPW0m9LLApK0gZOyP3grSdYz9B6kaSSIMMwSafzAa-t_sVIp2_qfgEpMyedjK-bs-R5YxxNCRFYVNBpz-PRTJxZ3i1uaUUOFkDGPVJQOqV0WBn-eRSXoCyEqN-sA=s10000,Free breakfast|Free Wi-Fi|Parking|Hot tub|Air conditioning|Fitness center|Spa|Bar,Ornate rooms & suites in a luxury hotel offering a sophisticated restaurant & a spa.
Antea Hotel Oldcity,"Sultanahmet Square, Istanbul",Istanbul,Turkey,+1 000-555-1019,reservations@antea-hotel-oldcity.example.com,4,HOTEL,58,https://images.trvl-media.com/lodging/1000000/890000/889500/889460/21bb9b40_z.jpg,Free breakfast|Free Wi-Fi|Indoor pool|Hot tub|Air conditioning|Pet-friendly|Fitness center|Spa,"Warm rooms in a low-key hotel with a stylish bar & lounge, plus a restaurant & an indoor pool."
Han 1772 Hotel,"Egyptian Bazaar, Istanbul",Istanbul,Turkey,+1 000-555-1020,reservations@han-1772-hotel.example.com,5,HOTEL,88,https://lh3.googleusercontent.com/gps-cs-s/APNQkAGfaXrt-CSRRYg6hTg4LIHi13Erhqk16Sc0lvca2YvzRLXi3Vy-oV34tjfvVrx6Ume9qMF1ZcZ3ky5nwSsCdnhAx2lzcnMWGTFR659VwGae9kLQxysAHCO9CXnmX16qSHZ7tQ1a=s10000,Free breakfast|Free Wi-Fi|Parking|Air conditioning|Bar|Restaurant|Full-service laundry,A 5-star hotel in Istanbul with easy access to the city's top attractions.
Atlantis - The Palm,"Dubai International Airport, Dubai",Dubai,UAE,+1 000-555-1021,reservations@atlantis-the-palm.example.com,5,HOTEL,286,https://lh3.googleusercontent.com/gps-cs-s/APNQkAE0FX29UqmFt9IVc7xWuB6JYwW0oWcQBam2EfCqapFWS8mQ1zopamZ7Eka7W6aAI-9yCupLvxpfPOrSlNeC4MNscGIpe12uwTkG3dsJxAEVI8HcM4iRk_MG-HVnrIN6gqj9Ddth=s10000,Breakfast ($)|Free Wi-Fi|Free parking|Outdoor pool|Hot tub|Air conditioning|Fitness center|Spa,"Luxury resort offering a water park & an aquarium, plus a spa & multiple upscale restaurants."
JW Marriott Marquis Hotel Dubai,"Burj Khalifa, Dubai",Dubai,UAE,+1 000-555-1022,reservations@jw-marriott-marquis-hotel-dubai.example.com,5,HOTEL,113,https://lh3.googleusercontent.com/gps-cs-s/APNQkAEcR0XogBmvpzzI0prXO0hQxjYwSNR4AvObZHsm53LjOC5uJibCDUxy3rYlvcN7kuEbsYBG5jLy4e-6rPV0qQvD7nh_0EWxehWcDlWBH8elmzPkz7AXiOWzRVt7MiLnsMT_W0NYXA=s10000,Breakfast ($)|Free Wi-Fi|Parking ($)|Outdoor pool|Air conditioning|Fitness center|Spa|Bar,"Refined high-rise hotel offering polished quarters, a nightclub & a spa, plus 14 restaurants & bars."
Jumeirah Beach Hotel,"Wild Wadi Waterpark Jumeirah, Dubai",Dubai,UAE,+1 000-555-1023,reservations@jumeirah-beach-hotel.example.com,5,HOTEL,315,https://lh3.googleusercontent.com/gps-cs-s/APNQkAFIKnP8OzMyOwqzdmRsAup-93qTtr-kyhtlynrbC4X9jVLuEteusEJ4yqEhOSGgY_HJL0-cVCMilt_CKWsnnvqp5THo5hMo6LBu-hn0errl_NFg0EfDQ4vQ3Ia5_-D13Ysbbf0-9xDMyH3_=s10000,Breakfast ($)|Free Wi-Fi|Free parking|Outdoor pool|Air conditioning|Fitness center|Spa|Beach access,"Upscale beachfront property with 5 pools, a diving centre & a spa, plus 9 restaurants."
Rove Expo City,"Expo 2020 Metro Station 2, Dubai",Dubai,UAE,+1 000-555-1024,reservations@rove-expo-city.example.com,3,HOTEL,32,https://lh3.googleusercontent.com/gps-cs-s/APNQkAFsu4DwzHWirJcspirUPnfAchoQ-h55sHgXKXOxUPq5xkJyXQAAXEEqLZVmbgxaorOBHLd0foEtyJNlRb38_CyX3dn4_VZ1WqyO8q1zb2xI0qRSST2p8JlfxwL_KHTxeVDpZqmJ=s10000,Breakfast ($)|Free Wi-Fi|Free parking|Outdoor pool|Air conditioning|Fitness center|Bar|Restaurant,"Chic quarters in a contemporary hotel offering a 24/7 gym, an outdoor pool & breakfast."
Waldorf Astoria Dubai Palm Jumeirah,"Aquaventure World, Dubai",Dubai,UAE,+1 000-555-1025,reservations@waldorf-astoria-dubai-palm-jumeirah.example.com,5,HOTEL,139,https://photos.hotelbeds.com/giata/original/23/235328/235328a_hb_w_025.jpg,Breakfast ($)|Free Wi-Fi|Free parking|Outdoor pool|Hot tub|Air conditioning|Fitness center|Spa,"Chic rooms in a ritzy hotel offering 2 outdoor pools, a private beach & dining, plus a spa."
FIVE Jumeirah Village Hotel,"JVC, Samer Park, Dubai",Dubai,UAE,+1 000-555-1026,reservations@five-jumeirah-village-hotel.example.com,5,HOTEL,58,https://lh3.googleusercontent.com/gps-cs-s/APNQkAF7UDjMHvKMtR_o-gMerHG4aPoamUKmViEpjtz1ceC3ZGv3KTd_9b20RcBCSTgBcqfzGksIjciiDUk2CO1Sw6Y0Nenfkvy_EHTBZkgB7xX-vU-At9WrPgxfJpLmViCPS8_1XdxhJg=s10000,Breakfast ($)|Free Wi-Fi|Free parking|Outdoor pool|Hot tub|Air conditioning|Fitness center|Spa,"Chic hotel in a 60-storey tower offering eclectic street food dining, plus a spa & an outdoor pool."
Emirates Grand Hotel,"Dubai Mall, Dubai",Dubai,UAE,+1 000-555-1027,reservations@emirates-grand-hotel.example.com,4,HOTEL,35,https://lh3.googleusercontent.com/gps-cs-s/APNQkAHYMZo4KtjGi_Dherp8t7Jjke8zkp3T6LjUkDa3sOcPToIEBhYQmoLZsJJ6BWs960JAJ0KKUVSLUwcPoRUcqYxmQhm41KbiJAwsmeHks141F22DIPqfbPkyDSVFBV5zq5AXSRjvoNkSjOQT=s10000,Breakfast ($)|Free Wi-Fi|Free parking|Indoor pool|Hot tub|Air conditioning|Fitness center|Spa,"Casual apartment hotel featuring a restaurant with city views, plus a gym, a sauna & an indoor pool."
Pullman Dubai Downtown,"Dubai Mall, Dubai",Dubai,UAE,+1 000-555-1028,reservations@pullman-dubai-downtown.example.com,5,HOTEL,73,https://lh3.googleusercontent.com/gps-cs-s/APNQkAFvmzSD7mv2NkS5YqeMP73pZGu4EIlZD1KtcMcv6ZD1dKs1z9AU5h6xLm-Xy4uSOD8oPpgp4Wa2MCtl2PP3FxoTgFIhr6XDfjcxlePmcNzINXA1xLBBP4Y1p6dWNQOrd9Z-ZEI7Hg=s10000,Breakfast ($)|Free Wi-Fi|Free parking|Outdoor pool|Hot tub|Air conditioning|Fitness center|Spa,"Refined quarters in an upscale hotel featuring a restaurant, a pool & a poolside bar, plus a spa."
Sofitel Dubai The Palm,"Aquaventure World, Dubai",Dubai,UAE,+1 000-555-1029,reservations@sofitel-dubai-the-palm.example.com,5,HOTEL,114,https://lh3.googleusercontent.com/gps-cs-s/APNQkAGDFefpDrIWbwDcyOYrwZnIopk6r4CJaBhO_CPznN9a1AhE16HVlHA3WHM7Uw2NGfy2UebXiwtFTezJAhZXiptWIXMNXvZSF7AJmF9s2cfiE3au49HE5yeG6EpRByLTwm3VLNU=s10000,Breakfast ($)|Free Wi-Fi|Free parking|Pools|Hot tub|Air conditioning|Fitness center|Spa,"Refined quarters in a chic resort offering 11 restaurants & bars, 6 pools & a spa."
Taj Jumeirah Lakes Towers,"JLT, Jumeirah Bay X1 Tower, Dubai",Dubai,UAE,+1 000-555-1030,reservations@taj-jumeirah-lakes-towers.example.com,5,HOTEL,88,https://lh3.googleusercontent.com/gps-cs-s/APNQkAGeD4rzxviKAq61l2BFWOM5oao-Bca20HOQQYf_NYC-Tt19QTSAz5eK2UUjMazqnhLXer83iOQ-Tr6IyaWxOHXf_6I5Azk3OLWQXVQj85eUwBIsQmHtxyoJQri2K4cTd36P9AjA=s10000,Breakfast ($)|Free Wi-Fi|Free parking|Outdoor pool|Air conditioning|Fitness center|Spa|Bar,"Upmarket hotel offering polished restaurants & a rooftop pool, plus a 24-hour gym."
AJIRA Bay Hotel Hurghada Marina,"Mosque El Mina El Kabeer, Hurghada",Hurghada,Egypt,+1 000-555-1031,reservations@ajira-bay-hotel-hurghada-marina.example.com,4,HOTEL,65,https://lh3.googleusercontent.com/gps-cs-s/APNQkAFVwzobgIzVELyqROEoQeUMrl0QlrvdOqSmOqmLmIH4d4UpQ57-u9WjnL57pdy450xoDt_dyZckUybOrDS0uXzQ9bMNWGnPwsjw1w3wK29OCzUdiahcKEXizgVO61Wju-O2UHOtOtp8w3Ns=s10000,Breakfast|Free Wi-Fi|Free parking|Outdoor pool|Restaurant|Room service|Full-service laundry|Accessible,A 4-star hotel in Hurghada with easy access to the city's top attractions.
Meraki Resort Adults Only,"Hurghada International Airport, Hurghada",Hurghada,Egypt,+1 000-555-1032,reservations@meraki-resort-adults-only.example.com,4,HOTEL,224,https://lh3.googleusercontent.com/gps-cs-s/APNQkAFvzkfG1kxErxidwoHIs6V-GH9KjlqVeB9aYYkUslaBvCdM5TfrFYsPsEBKJ8k3zGhZRQNaCU1mO_w0PYI8KYA6f31TDRvTQqH11xnIaGw4csbX_PSlt4mR8cy3sJfU7_4Zu2o=s10000,Free breakfast|Free Wi-Fi|Free parking|Outdoor pool|Hot tub|Air conditioning|Fitness center|All inclusive available,"Lively adults-only, all-inclusive beach resort offering 4 trendy clubs & an outdoor pool."
Hurghada Marriott Beach Resort,"Old Vic Beach Hurghada, Hurghada",Hurghada,Egypt,+1 000-555-1033,reservations@hurghada-marriott-beach-resort.example.com,5,HOTEL,121,https://lh3.googleusercontent.com/gps-cs-s/APNQkAHJXsLKO2QSaIojKMp7DYVmKAItFHf1-j6ej06m6JDalMZRwsj3e7XnJogc0xxax2DJZoVEYTfqBivVaggi0yPOkOZsxHLyssJZBza-KyKK1d5tg9B2NdttpmnH4YomgpTNCOfGQh8WESHJ=s10000,Breakfast ($)|Free Wi-Fi|Free parking|Outdoor pool|Air conditioning|Fitness center|All inclusive available|Spa,"Upscale quarters in a chic beachfront hotel with 8 restaurants, an outdoor pool & a diving center."
The Grand Palace Hotel,"Hurghada Museum, Hurghada",Hurghada,Egypt,+1 000-555-1034,reservations@the-grand-palace-hotel.example.com,5,HOTEL,176,https://lh3.googleusercontent.com/gps-cs-s/APNQkAGZOJrD2g319TbCvokoQF67buo11LfH9B7eXn4jhQ8J1OKn_1GHY9h9up0wzknqpuSWuQCNWLLt7EM_Mq33dXEi1J1nJXjqVQTjJoA2nDHKkmNg0PT3M4oV5FgW1r00FduE0-lD-Q=s10000,Free breakfast|Wi-Fi|Parking|Pool|Air conditioning|Fitness center|All inclusive available|Spa,A 5-star hotel in Hurghada with easy access to the city's top attractions.
Arabia Sea View,"Hurghada, Egypt",Hurghada,Egypt,+1 000-555-1035,reservations@arabia-sea-view.example.com,5,APARTMENT,35,https://xx.bstatic.com/xdata/w/hotel/840x460_watermarked_standard/UlbWNZwXU4abzAljNZDeJO4pb4hGFnb1hr6mGsRWB1KxTTlAku6AS2U-tC0mTlpTLeFioQou6f-l8OXlmp9MGXqsfn65wyiapg2t6jx9-X_RZHRuRk81VQ==.jpg,Air conditioning|Elevator|Ironing board|Microwave|Oven stove|Pet-friendly|Smoke-free|Cable TV,A 5-star vacation rental in Hurghada with easy access to the city's top attractions.
Steigenberger Aqua Magic Hotel,"Hurghada Museum, Hurghada",Hurghada,Egypt,+1 000-555-1036,reservations@steigenberger-aqua-magic-hotel.example.com,5,HOTEL,174,https://lh3.googleusercontent.com/gps-cs-s/APNQkAFHXcTSSSWxA7WrpMkucqZxO4mdqvgTatKFq-EN8bU6vGTzMflM0_3L3k1OiJoCTaSn12ErpLrSwCyGVE_DVlIruESYBWriyXDYd6bs0FlcDDA38HMf65OdxXqkI_S67EuUOaYWdUBtk6D6=s10000,Free breakfast|Free Wi-Fi|Free parking|Outdoor pool|Hot tub|Air conditioning|Fitness center|All inclusive available,"Refined resort with a water park, 5 restaurants & a dive center, plus a 9-hole golf course."
"The Oberoi Beach Resort, Sahl Hasheesh","Hurghada International Airport, Hurghada",Hurghada,Egypt,+1 000-555-1037,reservations@the-oberoi-beach-resort-sahl-hasheesh.example.com,5,HOTEL,311,https://lh3.googleusercontent.com/gps-cs-s/APNQkAFBGczdk9Vv7hq6Ja4LvLFJ5l_JsJw-reqFiD1a_jmeRKRKrY3whIFmuCYB43I0IOov7V81IqPnMNgz8CPn7n8hqGT_uF9hW-MEBDjkQVFX0MRKGluezzafWxnVOM0U_IEUkX1rVQ=s10000,Free breakfast|Free Wi-Fi|Free parking|Outdoor pool|Air conditioning|Fitness center|All inclusive available|Spa,"Posh all-suite hotel with an outdoor pool, a spa & dining, plus a scuba dive center & private beach."
Pickalbatros Palace Resort - Hurghada,"Hurghada Grand Aquarium, Hurghada",Hurghada,Egypt,+1 000-555-1038,reservations@pickalbatros-palace-resort-hurghada.example.com,5,HOTEL,171,https://lh3.googleusercontent.com/gps-cs-s/APNQkAGglyeYaCjsrkclpqiWvEE7KvwKrMf1CpoMGGsOJ-VeHfiqt2dB7kKz0E-NNrmTTA4uEChugnPCQ_AcGGqssSLTrZ4YvV4xItlSy1OjxupthBz9muzsSsNcNhb1pr7VLpQ7P_b0=s10000,Free breakfast|Free Wi-Fi|Free parking|Outdoor pool|Hot tub|Air conditioning|Fitness center|All inclusive available,"Upmarket all-inclusive resort by the sea featuring an outdoor pool & a spa, plus 6 restaurants."
The Chedi El Gouna,"Zeytouna Beach El Gouna, Hurghada",Hurghada,Egypt,+1 000-555-1039,reservations@the-chedi-el-gouna.example.com,5,HOTEL,288,https://lh3.googleusercontent.com/gps-cs-s/APNQkAGEF1l4S9Sa-QLv743WEQc-IkI8m6MXVh-hEPFgWV2im4LiDxr9hHiSJu_hU_Q-mL227lzoSicWbozE1Iyy4GJIAXj5Dk2zuNccR17kcPUW4tkH80Wz4JkwR4YQyfqpiR_Q6XIBWw=s10000,Breakfast ($)|Free Wi-Fi|Free parking|Outdoor pool|Air conditioning|Fitness center|All inclusive available|Spa,A 5-star hotel in Hurghada with easy access to the city's top attractions.
Pickalbatros Blu Spa Resort - Hurghada,"Hurghada Museum, Hurghada",Hurghada,Egypt,+1 000-555-1040,reservations@pickalbatros-blu-spa-resort-hurghada.example.com,5,HOTEL,195,https://lh3.googleusercontent.com/gps-cs-s/APNQkAF8mRFY288ERl9yzWQyFb-JfVGinZCwIGjnCebiKXhUPbshdC685E7xEIV2m76hQqcLvUvmnLAstdL8guxJGe9IjL5TNTEuwSYqytcvhcBS05YTwnmiwPQSegzMDvftGsNtPJ5v=s10000,Free breakfast|Free Wi-Fi|Free parking|Pool|Air conditioning|Fitness center|All inclusive available|Spa,A 5-star hotel in Hurghada with easy access to the city's top attractions.
Old Town- mimi cozy studio 70 SQM good for family - One-Bedroom Apartment,"Suvarnabhumi Airport, Bangkok",Bangkok,Thailand,+1 000-555-1041,reservations@old-town-mimi-cozy-studio-70-sqm-good-for-family-one-bedroom-apartment.example.com,5,APARTMENT,58,https://q-xx.bstatic.com/xdata/images/hotel/max1024x683/519247683.jpg?k=925056d466672972d9c6d30769777bbf7ee55682b9a86ed965896c37228212d0&o=&s=312x,Air conditioning|Ironing board|Kitchen|Microwave|Washer,A 5-star vacation rental in Bangkok with easy access to the city's top attractions.
JC Kevin Sathorn Bangkok Hotel,"Lumphini Park, Bangkok",Bangkok,Thailand,+1 000-555-1042,reservations@jc-kevin-sathorn-bangkok-hotel.example.com,5,HOTEL,43,https://lh3.googleusercontent.com/gps-cs-s/APNQkAGsIbO84m-2BM9_OYUyTutSLhBfLNyHr3Ayr8xv3f3gtirwUhMJ3qEPcKNaS4fdX5as4L7g9gvT7LlXmgrX0QKSc2d9fx-_x6JXK941Io2XJ6wagws_bSwu07W40FPj3L118PHWmg=s10000,Breakfast|Free Wi-Fi|Free parking|Outdoor pool|Hot tub|Air conditioning|Fitness center|Spa,Sleek quarters with city views in a chic high-rise lodging with rooftop dining & an infinity pool.
Shangri-La Bangkok,"Asiatique The Riverfront, Bangkok",Bangkok,Thailand,+1 000-555-1043,reservations@shangri-la-bangkok.example.com,5,HOTEL,162,https://lh3.googleusercontent.com/gps-cs-s/APNQkAEzFG1bWKYovXfsxB1QTOUHoIWbhMC2CfTM0s-05F__ibIZOlizmHfWbtfLdu2ybtLofUtqNHwly92yJwnV6oAaxSYdBrqLoRUc9RLSJvUa6z6Ksq6kFjfwN_ISwiv1ST25v3ZDXA=s10000,Breakfast ($)|Free Wi-Fi|Free parking|Outdoor pool|Hot tub|Air conditioning|Fitness center|Spa,"Upscale riverfront hotel featuring 9 restaurants & bars, plus tennis, a spa & 2 outdoor pools."
Akara Bangkok,"SEA LIFE Bangkok Ocean World, Bangkok",Bangkok,Thailand,+1 000-555-1044,reservations@akara-bangkok.example.com,5,HOTEL,62,https://photos.hotelbeds.com/giata/original/62/629228/629228a_hb_p_017.JPG,Breakfast|Free Wi-Fi|Free parking|Outdoor pool|Hot tub|Air conditioning|Fitness center|Bar,"Refined quarters in a high-end hotel offering a rooftop pool & a bar, plus 2 polished restaurants."
Avani+ Riverside Bangkok Hotel,"Asiatique The Riverfront, Bangkok",Bangkok,Thailand,+1 000-555-1045,reservations@avani-riverside-bangkok-hotel.example.com,5,HOTEL,112,https://lh3.googleusercontent.com/gps-cs-s/APNQkAFUM6K3K4boFPXR4tLJQKLVRTA5Bl3QEiH0VQbj6KIpfw8goW8qmZYSLdJ8OBmVTuHDso3m_e4nbvhZM8gvb2HIuknmVDf00KF3K7RB2WfhyS-sicMiwSReNgSiHTMV94J4f17Fnw=s10000,Breakfast|Wi-Fi|Free parking|Outdoor pool|Hot tub|Air conditioning|Fitness center|Spa,"Sleek hotel with river views, offering bars & a rooftop pool, plus a spa & elegant dining."
Pullman Bangkok Hotel G,"MahaNakhon, Bangkok",Bangkok,Thailand,+1 000-555-1046,reservations@pullman-bangkok-hotel-g.example.com,5,HOTEL,68,https://lh3.googleusercontent.com/gps-cs-s/APNQkAGqjRa-mcZlnMjUQkJ88UN0tUsR5Mr6VTDJmP4crbeyVDpo9-pDiqjjZ6fqNd_-ojcgYGyxhESaGHCqHIkZ-420e3UqOvGRd-P4zLKVyp91OFRvh7jXwMOFMnqAY32-OHjGqfuK=s10000,Breakfast ($)|Free Wi-Fi|Free parking|Outdoor pool|Air conditioning|Fitness center|Spa|Bar,"Chic hotel offering 3 restaurants & 2 hip bars, as well as massages, a gym & an outdoor pool."
Siam Bright Suite,"Suvarnabhumi Airport, Bangkok",Bangkok,Thailand,+1 000-555-1047,reservations@siam-bright-suite.example.com,5,APARTMENT,36,https://media.vrbo.com/lodging/39000000/38780000/38774700/38774650/8d2b928e.jpg,Air conditioning|Balcony|Elevator|Kitchen|Microwave|Oven stove|Washer|Wheelchair accessible,A 5-star vacation rental in Bangkok with easy access to the city's top attractions.
The Berkeley Hotel Pratunam,"centralwOrld, Bangkok",Bangkok,Thailand,+1 000-555-1048,reservations@the-berkeley-hotel-pratunam.example.com,5,HOTEL,74,https://lh3.googleusercontent.com/gps-cs-s/APNQkAH3VePCpHntAzR2jZDLMT09LdeI-FHfkX0Q4qKijbh_dGTyPc3jS0lGFLSj3n6gtCnUXQu7ZL_7uqMxx9617wBAxu1VqYF80z7POV7mta3jASsTmRrLewCgS8d8HbIj_dKd9kKADA=s10000,Breakfast|Free Wi-Fi|Parking|Outdoor pool|Hot tub|Air conditioning|Fitness center|Spa,"Colorful rooms & suites in a contemporary hotel with eclectic dining, a spa & a rooftop pool."
"Mandarin Hotel Bangkok, managed by Centre Point","Chinatown Bangkok, Bangkok",Bangkok,Thailand,+1 000-555-1049,reservations@mandarin-hotel-bangkok-managed-by-centre-point.example.com,4,HOTEL,49,https://lh3.googleusercontent.com/gps-cs-s/APNQkAFAGDuFXbr5D-rIoW6S1T9Wnoszh46ziVrsOEa68F3Dk9nzu5GHzhJflRX3HR8MS8-clB4xVX0ij5CLu_JJjrM8kjfEqbnvpj5VMG2WAJ8vEWsGkQvOn4yApmlCYTwUGmb2WEbSWxKMyvBH=s10000,Breakfast ($)|Free Wi-Fi|Free parking|Outdoor pool|Air conditioning|Fitness center|Spa|Restaurant,"Bright rooms & suites with city views in an informal hotel offering a spa, a pool & 2 restaurants."
Warm Window Silom,"Lumphini Park, Bangkok",Bangkok,Thailand,+1 000-555-1050,reservations@warm-window-silom.example.com,2,HOTEL,15,https://lh3.googleusercontent.com/gps-cs-s/APNQkAHhPhdu7pYdPDpjbrroN7XpFE6XcbW_tQgpnA6bsrVXdh6S9TLyzPluN1otlMwsy8IVNLFGjpOsrjqwWj605Vc_cAbv1y3eTf2JLNMBHFuHn_Mg9H7_Dz_oQW6pFInvp_0zy_Ol=s10000,Free Wi-Fi|Air conditioning|Restaurant|Full-service laundry,"Casual hostel featuring breakfast, lounges & a communal kitchen, plus a rooftop terrace."
Mai Morn Resort,"Meuang Thong Circle, Phuket",Phuket,Thailand,+1 000-555-1051,reservations@mai-morn-resort.example.com,4,HOTEL,18,https://lh3.googleusercontent.com/gps-cs-s/APNQkAHcU5m2ASbMsayXx7TLFH2o4hGO4BlPLZQqI26bgPTgLlxaP8vLLERK73lSkrHfBKnPfmRzdbDrg7hnZIR3agR6eqAsXqryg4_iQy5xJykzQwt2uoVsttiazYaB96DYOH4T1ZrF=s10000,Free breakfast|Free Wi-Fi|Free parking|Outdoor pool|Air conditioning|Bar|Restaurant|Airport shuttle,A 4-star hotel in Phuket with easy access to the city's top attractions.
Novotel Phuket City Phokeethra,"Expo Phuket, Phuket",Phuket,Thailand,+1 000-555-1052,reservations@novotel-phuket-city-phokeethra.example.com,5,HOTEL,65,https://lh3.googleusercontent.com/gps-cs-s/APNQkAE8lInyr0MBPDtCStLR_M19hBVkI1MXR4GxI_--YIFFFbnOHPiyGBezoupkcn8370eLM24KkiCSPxDy2f7CA5P33VB_KQk3HDn1hC4JN21RUpcs-EBvEaYUgcTYfccnXJUHlRfqrEgC90HC=s10000,Breakfast ($)|Free Wi-Fi|Free parking|Outdoor pool|Air conditioning|Fitness center|Spa|Bar,"Sleek quarters in a refined hotel offering a restaurant, 2 bars & an outdoor pool, plus sea views."
HOMA Phuket Town,"Chillva Market, Phuket",Phuket,Thailand,+1 000-555-1053,reservations@homa-phuket-town.example.com,4,HOTEL,39,https://lh3.googleusercontent.com/gps-cs-s/APNQkAFAIZMwGaTkH1BGxS2JAG69vw9ZTePTEWWopMzzsOX5M7BeIpOyTtIfnszrze31C6VUR-ucQKqa93r-j5zePB_DT5Y2Qh9DVAQij3kdHuvPZjscQ1geGErENMASIE056cT1SXC3PRpJEal-=s10000,Breakfast ($)|Free Wi-Fi|Free parking|Outdoor pool|Hot tub|Air conditioning|Pet-friendly|Fitness center,A 4-star hotel in Phuket with easy access to the city's top attractions.
Ibis Styles Phuket City,"Mc Donald's, Phuket",Phuket,Thailand,+1 000-555-1054,reservations@ibis-styles-phuket-city.example.com,3,HOTEL,36,https://lh3.googleusercontent.com/gps-cs-s/APNQkAESEup47G918Tbv9n9i_fJt_uGQtysXLgKUX0r_9fFaig3-ZKICM6vsQE0HOHCo9ZSUobeHrO9Nkn04GpmzyVvircErGlmPU_TyetVDhDjgmn_FtQdzb9ED8JADv_58ouk7AdTYnw=s10000,Free breakfast|Free Wi-Fi|Free parking|Air conditioning|Fitness center|Bar|Restaurant|Room service,"Relaxed rooms & suites in a laid-back hotel offering dining, plus free breakfast, Wi-Fi & parking."
Bedline Hotel,"Phuket Old Town Sunday Night Market Walking Street, Phuket",Phuket,Thailand,+1 000-555-1055,reservations@bedline-hotel.example.com,3,HOTEL,25,https://lh3.googleusercontent.com/gps-cs-s/APNQkAFffdXpXRneHF5paKTYGWkz6e_B_Unpirj0cdn3xp0N99rmXihDm__MXra95QwStYggtL56JnXXJHwE7AeKYlzUOAp7h3aZfK4tuEN2G4CYdJSF-o_-zKHxPCzFVgxkseLs3JHh=s10000,Free Wi-Fi|Free parking|Outdoor pool|Air conditioning|Restaurant,"Contemporary rooms in a relaxed hotel offering a coffee shop & a bar, plus an outdoor pool."
Courtyard by Marriott Phuket Town,"Pearl Hotel Phuket, Phuket",Phuket,Thailand,+1 000-555-1056,reservations@courtyard-by-marriott-phuket-town.example.com,4,HOTEL,96,https://photos.hotelbeds.com/giata/original/07/079223/079223a_hb_p_004.jpg,Breakfast ($)|Free Wi-Fi|Free parking|Outdoor pool|Air conditioning|Fitness center|Bar|Restaurant,"Contemporary hotel with a chic restaurant & a lobby bar, plus an outdoor pool & a fitness center."
EcoLoft Hotel,"Royal Phuket City Hotel, Phuket",Phuket,Thailand,+1 000-555-1057,reservations@ecoloft-hotel.example.com,3,HOTEL,30,https://lh3.googleusercontent.com/gps-cs-s/APNQkAGc40lxSTnqRnsk95PReY6PsIVm87HUEZy9SzzyL3U1sZ50m6ukD5OxJMg6UZrfdLRUxtrP6smQVijWvRHqS2srlCiMaMGjmHBrHnQDxn0vuKA45ypEGlq8ilkSa_5a0f1x569z=s10000,Free Wi-Fi|Free parking|Outdoor pool|Hot tub|Restaurant|Airport shuttle|Accessible|Kid-friendly,"Streamlined rooms in a relaxed hotel featuring a rooftop pool with city views, plus free parking."
Blu Monkey Hub & Hotel Phuket,"Phuket Old Town Sunday Night Market Walking Street, Phuket",Phuket,Thailand,+1 000-555-1058,reservations@blu-monkey-hub-hotel-phuket.example.com,4,HOTEL,38,https://lh3.googleusercontent.com/gps-cs-s/APNQkAH6yRgRKulcLiLhaRAIw70lYj8dv_FH0LoPMqAB43-DSgf-TlPBgqBHRkdT3wPOD3vnnFbKU4Vqf08JrLsd9BxD-kpcXiV3K_DcoaGi7_m_oexTroc88-L2iqq0bMyOkbfTnMlMdlOApH-B=s10000,Breakfast|Free Wi-Fi|Free parking|Outdoor pool|Air conditioning|Restaurant|Full-service laundry|Accessible,Simply furnished rooms with balconies in a trendy hotel featuring an outdoor pool.
PRIME TOWN POSH & PORT HOTEL - PHUKET,"Phuket Old Town Sunday Night Market Walking Street, Phuket",Phuket,Thailand,+1 000-555-1059,reservations@prime-town-posh-port-hotel-phuket.example.com,4,HOTEL,22,https://lh3.googleusercontent.com/gps-cs-s/APNQkAGNo_XdHocdSP8NIU2aT4QcCrcF5GE96eZPvGXl95KhVhJfKN0t-kiFnmlxKztc0c9GxxKwXObAAXKfZcfgvmuLeLmmL0F0yHMnM431A4LfmK9JgEoXrprNdUJvTl5EQgY3J_I=s10000,Free Wi-Fi|Free parking|Outdoor pool|Air conditioning|Fitness center|Restaurant|Full-service laundry,"Casual hotel offering streamlined quarters, plus a bar, an outdoor pool & a spa area."
Ratri Hotel Phuket Old Town,"Naka Weekend Market, Phuket",Phuket,Thailand,+1 000-555-1060,reservations@ratri-hotel-phuket-old-town.example.com,4,HOTEL,32,https://lh3.googleusercontent.com/gps-cs-s/APNQkAH7mNNyhjwvEihg8lgiYNlxjNUt6FRCqmLsVVOIuAbxfBwTPp3UIcZCNE8ZrdDUarhgTzPmfVJ_h1G0Nd5K2AGiDjDl5hHWufU7g_YpO5ReOr7rWKwjeKwupzagBlz1FsGXd3xdlw=s10000,Free Wi-Fi|Free parking|Outdoor pool|Air conditioning|Restaurant|Full-service laundry,A 4-star hotel in Phuket with easy access to the city's top attractions.
Hilton Garden Inn Tbilisi Riverview,"Narikala Fortress, Tbilisi",Tbilisi,Georgia,+1 000-555-1061,reservations@hilton-garden-inn-tbilisi-riverview.example.com,4,HOTEL,91,https://lh3.googleusercontent.com/gps-cs-s/APNQkAGRHnvjEkIM5lAyf55GpwjnPgoVQSx4YPKSYl7v66zOKvlTiA5fNXGNbJuOVAeJ-wqGvuDeQkWEfgkKn-4Hpbs55RDUPmVZnsO96CBSQh7dpw8DjLVqoxoRNXQZ8-yAbaACMREY=s10000,Breakfast ($)|Free Wi-Fi|Air conditioning|Pet-friendly|Fitness center|Bar|Restaurant|Room service,A 4-star hotel in Tbilisi with easy access to the city's top attractions.
The Biltmore Hotel Tbilisi,"Narikala Fortress, Tbilisi",Tbilisi,Georgia,+1 000-555-1062,reservations@the-biltmore-hotel-tbilisi.example.com,5,HOTEL,176,https://lh3.googleusercontent.com/gps-cs-s/APNQkAEZof6jUg0C_oAae_QGJkVi_sUn74Vs4S6sYadVuLBidPMXn8O0wJPT-P45r-eCJRVO2Xt06PJtcv3pES-2py_og8mx0fgG78vCBxKhVxEwFYaxbFGD2Zsb8x5j6iRJIw8N3gOu6g=s10000,Breakfast|Free Wi-Fi|Free parking|Pool|Hot tub|Air conditioning|Fitness center|Spa,"Refined hotel in a glass skyscraper with 2 upscale dining options & a 30th-floor bar, plus a spa."
Hotel Ambassadori,"The Clock Tower, Tbilisi",Tbilisi,Georgia,+1 000-555-1063,reservations@hotel-ambassadori.example.com,5,HOTEL,128,https://lh3.googleusercontent.com/gps-cs-s/APNQkAFK0gXs3yj51S_Qz11T_FTbxpuGVTQ9Uij_u2CeXUJnLUwJFzynZeHE5WksnjS6BaB2ctgM5EWpI5J6CPvTfbNY16WKPfSJvO8KKfW2kJv_xS8uiZUoHk85VLxKF4ZdwxFHay8F=s10000,Free breakfast|Free Wi-Fi|Free parking|Indoor pool|Air conditioning|Fitness center|Spa|Bar,"Polished quarters in a swanky hotel offering a formal restaurant, a terrace cafe & a casino."
Kisi Hotel,"Chreli Abano, Tbilisi",Tbilisi,Georgia,+1 000-555-1064,reservations@kisi-hotel.example.com,4,HOTEL,83,https://photos.hotelbeds.com/giata/original/71/718016/718016a_hb_ro_008.jpg,Breakfast|Free Wi-Fi|Free parking|Air conditioning|Pet-friendly|Restaurant|Airport shuttle|Full-service laundry,"Chic hotel featuring breakfast & Wi-Fi, in addition to a trendy bar & a terrace."
"Radisson Blu Iveria Hotel, Tbilisi City Centre","Narikala Fortress, Tbilisi",Tbilisi,Georgia,+1 000-555-1065,reservations@radisson-blu-iveria-hotel-tbilisi-city-centre.example.com,5,HOTEL,219,https://lh3.googleusercontent.com/gps-cs-s/APNQkAHx9lOuJ0-LU9V09tu2VooVELMGsTBXCgx1-ubmCsDI1x_AtgXOdubc7RJg5PBXKAaUujkJTMjKMAcA6tXyJ5iHLLDmTv7EFqjhjD3MyubpVJKjh652H9JxRwTgXPmAMsgOoXc=s10000,Breakfast ($)|Free Wi-Fi|Parking|Pools|Hot tub|Air conditioning|Fitness center|Spa,"Upscale hotel featuring sophisticated restaurants & bars, plus a spa, a casino & a shopping mall."
Tiflis Palace,"Chreli Abano, Tbilisi",Tbilisi,Georgia,+1 000-555-1066,reservations@tiflis-palace.example.com,4,HOTEL,92,https://cdn.worldota.net/t/1024x768/extranet/de/81/de81ba65f105976a8223ffcc755b7fb44593ae57.JPEG,Free breakfast|Free Wi-Fi|Free parking|Pool|Air conditioning|Bar|Restaurant|Room service,Refined rooms in an upscale hotel offering a restaurant & a rooftop bar overlooking the city.
Wyndham Grand Tbilisi,"Georgian National Museum, Tbilisi",Tbilisi,Georgia,+1 000-555-1067,reservations@wyndham-grand-tbilisi.example.com,5,HOTEL,194,https://lh3.googleusercontent.com/gps-cs-s/APNQkAFiNHCgEKKY2GODVXpwn9WAHPy0wnY1zYlK2g9Njla0dvZT7QO0Epft8guyotCePkoOGrYPbeNYKKjDflOQ4q8WfuZynvR6Z4LL7oaZEkI_47-pGWdcJkIDnsOHUTzgR3Yw6FQMVhZhVr5h=s10000,Breakfast|Free Wi-Fi|Parking ($)|Pool|Hot tub|Air conditioning|Fitness center|Spa,"Warm quarters in a refined hotel with 2 restaurant/bars, plus a spa, a sauna & an indoor pool."
Old Tbilisi Terrace Hotel,"Chreli Abano, Tbilisi",Tbilisi,Georgia,+1 000-555-1068,reservations@old-tbilisi-terrace-hotel.example.com,3,HOTEL,28,https://lh3.googleusercontent.com/gps-cs-s/APNQkAEUAa-mCcjLmcxB8FqtkblNYh_uHC6RXn1SsC1pAZzcqcWv47vpaiqHXMrEvPmnuZv4Bpe1nMN2e5KE3gKFAyKuo8tNIw6mB6mNRwf8tSwe0YR56eyQDYeHWU0Jn006mLQrsAL8=s10000,Free Wi-Fi|Free parking|Air conditioning|Pet-friendly|Airport shuttle|Kid-friendly,A 3-star hotel in Tbilisi with easy access to the city's top attractions.
Tbilisi Marriott Hotel,"Georgian National Museum, Tbilisi",Tbilisi,Georgia,+1 000-555-1069,reservations@tbilisi-marriott-hotel.example.com,5,HOTEL,426,https://cdn.worldota.net/t/1024x768/extranet/8a/c2/8ac2ab0feb37ee3a33fa80965f9c90c1c54408ba.jpeg,Breakfast ($)|Wi-Fi ($)|Free parking|Air conditioning|Fitness center|Bar|Restaurant|Room service,"Polished lodging with warm rooms & suites, plus a stylish restaurant, a cocktail bar & a gym."
Holiday Inn Tbilisi,"Bridge of Peace, Tbilisi",Tbilisi,Georgia,+1 000-555-1070,reservations@holiday-inn-tbilisi.example.com,4,HOTEL,112,https://lh3.googleusercontent.com/gps-cs-s/APNQkAE4t_yLW5epsLU8SkwOYjKKMb8XZsA31PZQMPlSoDTAcvA2x6z5cNlVDr2cS6NKRDy7BKvv75qFGljmLF-5eg_F7FUVY78DjMPr0KKcxlC0Fk10DPie0w3iVIr7XxhHoC4T1q8x=s10000,Breakfast|Free Wi-Fi|Free parking|Outdoor pool|Air conditioning|Pet-friendly|Fitness center|Spa,"Polished quarters, some with butler service & mountain views, in an upscale hotel offering a spa."
"Stunning Oceanfront View, Beach Access Balcony","Alexander Kartveli Batumi International Airport (BUS), Batumi",Batumi,Georgia,+1 000-555-1071,reservations@stunning-oceanfront-view-beach-access-balcony.example.com,5,APARTMENT,37,https://pix8.agoda.net/hotelImages/49932802/0/570c5f03cbf089570d64eea730896501.jpg?ce=0&s=312x,Air conditioning|Ironing board|Kitchen|Cable TV|Wheelchair accessible|Free parking|Free Wi-Fi,A 5-star vacation rental in Batumi with easy access to the city's top attractions.
Sheraton Batumi Hotel,"Batumi Central Park, Batumi",Batumi,Georgia,+1 000-555-1072,reservations@sheraton-batumi-hotel.example.com,5,HOTEL,300,https://lh3.googleusercontent.com/gps-cs-s/APNQkAEHsUYDNdhDAkgZKoiE3CG8Flw7WWBr24Ve6Z6o9XQvRrDk1NbUGGzdgpMas_Lom3g_HQ0ypA-GeTIjhJpvggfnumxXBxML71o6Ci-buUSaoC8zytIYXjWWJt5MZIliSVdj6-YtiQ=s10000,Breakfast ($)|Free Wi-Fi|Free parking|Pools|Hot tub|Air conditioning|Pet-friendly|Fitness center,"High-end hotel featuring 2 elegant restaurants, plus 2 bars, a spa & an outdoor pool."
Holidays in Panorama Batumi - Apartment With Sea View,"Batumi, Georgia",Batumi,Georgia,+1 000-555-1073,reservations@holidays-in-panorama-batumi-apartment-with-sea-view.example.com,5,APARTMENT,64,https://freecancellationscdn-hsbgcwfragasdpfe.z01.azurefd.net/remote/static.cupid.travel/hotels/527738188.jpg?w=1024&h=683&mode=crop&scale=both&anchor=middlecenter&quality=80,Air conditioning|Kid-friendly|Ironing board|Kitchen|Pet-friendly|Smoke-free|Cable TV|Washer,A 5-star vacation rental in Batumi with easy access to the city's top attractions.
Courtyard by Marriott Batumi,"Europe Square, Batumi",Batumi,Georgia,+1 000-555-1074,reservations@courtyard-by-marriott-batumi.example.com,5,HOTEL,197,https://lh3.googleusercontent.com/gps-cs-s/APNQkAEratwKtNQfxdGD2SbhZU-ffdAJCT0Ksp1Xl6Ob4y3Xcf_Vys67x_cTlLnFp2LExsNWRtjm2qrbc0WRv1U8Gx_4UFNgVfCP8K6YvlK4A4L5VodgODBGeok3d_oAYSYUli_ue9yh=s10000,Free Wi-Fi|Free parking|Indoor pool|Air conditioning|Fitness center|Spa|Bar|Restaurant,A 5-star hotel in Batumi with easy access to the city's top attractions.
Hilton Batumi,"Batumi Dolphinarium, Batumi",Batumi,Georgia,+1 000-555-1075,reservations@hilton-batumi.example.com,5,HOTEL,210,https://lh3.googleusercontent.com/gps-cs-s/APNQkAGJAE4IYE8lsHAdbyh863DJoDKmjG6rNSZYU6ibTQPk0O4u9kk5rDtMDdKK0tkPdOKqqdh-U9II8XoG1LpDGA1Sp1ZFMxgpF9jfjXw0YOZdS53pb5hUPYDdK6GobLNjVbeObzzdcx8yb9iN=s10000,Breakfast ($)|Free Wi-Fi|Parking ($)|Indoor pool|Air conditioning|Pet-friendly|Fitness center|Spa,"Sleek quarters in a high-end hotel offering dining & a casino, plus a spa & an indoor pool."
VIP CLASS BATUMI ORBI CITY,"Batumi Boulevard, Batumi",Batumi,Georgia,+1 000-555-1076,reservations@vip-class-batumi-orbi-city.example.com,4,HOTEL,77,https://lh3.googleusercontent.com/gps-cs-s/APNQkAF27SSzVU4if80n7eNElzxtBDf_U83wPHczdEjDMw7mpgvsHnW-uCzgzmMFObMXif2ytj-gcZaI1hbka922oQxYeykQJLKmnPNz2ysRz4NTqoyE2TTzMa4KrwLT38inVvfVENH6=s10000,Breakfast ($)|Free Wi-Fi|Parking ($)|Air conditioning|Fitness center|Spa|Kitchen|Airport shuttle,A 4-star hotel in Batumi with easy access to the city's top attractions.
Batumi Luxury Panoramic Sea View Apartment,"Batumi, Georgia",Batumi,Georgia,+1 000-555-1077,reservations@batumi-luxury-panoramic-sea-view-apartment.example.com,5,APARTMENT,66,https://xx.bstatic.com/xdata/w/hotel/840x460_watermarked_standard/UlbWNZwXU4abzEniRSbFBmUw3a6z7BG-J0gJMSaqRzJ3JZxUXMb52-NeSurpW4Eck-dzNdlsLN5k7PUFzPsmc3i7hwehap3S_BAcWEbFdN-Nlyy2BmPAZw==.jpg,Air conditioning|Elevator|Heating|Ironing board|Kitchen|Oven stove|Patio|Pet-friendly,A 5-star vacation rental in Batumi with easy access to the city's top attractions.
Black & White Studio Near Beach with Balcony Batumi,"Alexander Kartveli Batumi International Airport (BUS), Batumi",Batumi,Georgia,+1 000-555-1078,reservations@black-white-studio-near-beach-with-balcony-batumi.example.com,5,APARTMENT,75,https://static.cupid.travel/hotels/302765390.jpg,Air conditioning|Airport shuttle|Beach access|Kid-friendly|Crib|Heating|Ironing board|Kitchen,A 5-star vacation rental in Batumi with easy access to the city's top attractions.
Luxury Studio with Ocean View - One-Bedroom Apartment,"Alexander Kartveli Batumi International Airport (BUS), Batumi",Batumi,Georgia,+1 000-555-1079,reservations@luxury-studio-with-ocean-view-one-bedroom-apartment.example.com,5,APARTMENT,47,https://freecancellationscdn-hsbgcwfragasdpfe.z01.azurefd.net/remote/static.cupid.travel/hotels/349950906.jpg?w=1024&h=683&mode=crop&scale=both&anchor=middlecenter&quality=80,Air conditioning|Kid-friendly|Elevator|Heating|Ironing board|Kitchen|Microwave|Oven stove,A 5-star vacation rental in Batumi with easy access to the city's top attractions.
Grand City Apart-Hotel Batumi,"Batumi Boulevard, Batumi",Batumi,Georgia,+1 000-555-1080,reservations@grand-city-apart-hotel-batumi.example.com,4,HOTEL,63,https://lh3.googleusercontent.com/gps-cs-s/APNQkAH6a5czZX8010ojQOGTWYfPzRjLcH_a_CHAfwfY3djkxX8v7ZKX9BwUCgsjZCt79t18KVfpimEvCK81RMQLGJ1Cgz_g1RpD5ggsszNJd8ckAT6UHB2i9mXfZI_h5Za_UHryNz6o7g=s10000,Free Wi-Fi|Free parking|Indoor pool|Air conditioning|Pet-friendly|Fitness center|Beach access|Restaurant,A 4-star hotel in Batumi with easy access to the city's top attractions.
Grand Hyatt Goa,"Goa Dabolim International Airport, Goa",Goa,India,+1 000-555-1081,reservations@grand-hyatt-goa.example.com,5,HOTEL,179,https://lh3.googleusercontent.com/gps-cs-s/APNQkAFup_8BlxleER0iWw_qkqWfk5djiHoh7OMl5-r1YM0tQ1rl2O9JpNsKaSFIBSCxFKehQkxvTRLW0nys2YMstQOUYdQK3d4iywnHXnmBft26rBNCmcLcRO76Qedca6oJ8x8w8HJk=s10000,Breakfast ($)|Free Wi-Fi|Free parking|Pools|Hot tub|Air conditioning|Fitness center|Spa,"Upscale rooms with private terraces, plus 3 restaurants, indoor & outdoor pools, a spa & 2 bars."
Majestic Beach Comforts,"Varca Beach, Goa",Goa,India,+1 000-555-1082,reservations@majestic-beach-comforts.example.com,3,HOTEL,27,https://lh3.googleusercontent.com/gps-cs-s/APNQkAG7-WyYCoYjFtsuLH9yKhSp78nXTKGPr5qUV9NO_RYJUPygrBZBnnjOhu9VuRso7_gNl9o-aZp4HKdOGYxiXqo4ylPS0vGvRZneRWthiWsrVOa79HrCrXQenKzKzALjWk_l44cY=s10000,Free breakfast|Free parking|Outdoor pool|Air conditioning|Beach access|Bar|Restaurant|Room service,Straightforward wood cabins on a down-to-earth property offering free breakfast & an outdoor pool.
"The Zuri White Sands, Goa Resort & Casino","Varca Beach, Goa",Goa,India,+1 000-555-1083,reservations@the-zuri-white-sands-goa-resort-casino.example.com,5,HOTEL,65,https://lh3.googleusercontent.com/gps-cs-s/APNQkAEPbVUOe1KxwqSZhPB9hAchPkgUbbSqDEvLAciWITAoM1AeecqoiWLI3r2E8UDemAKBpN77kt0hT58i6iqNkEvEy4S9cI6q-ys2NPhyoDjNCBm-VQd-ID0tPfGU0Ao0lKRh8t94=s10000,Free breakfast|Free Wi-Fi|Free parking|Outdoor pool|Hot tub|Air conditioning|Fitness center|Spa,"Refined lodging offering stylish quarters & free breakfast, plus dining, a casino & an outdoor pool."
"ITC Grand Goa, a Luxury Collection Resort & Spa, Goa","Majorda Beach, Goa",Goa,India,+1 000-555-1084,reservations@itc-grand-goa-a-luxury-collection-resort-spa-goa.example.com,5,HOTEL,271,https://lh3.googleusercontent.com/gps-cs-s/APNQkAHUKGSnwaMDlj3SRS-IpShyKYlzCzhoroKwJnKfe6XlfOY9pBKnDYYmE6o5je-eFkYFKxJiC43fiVqYTSSbZZXsYFfVbd6Q0l0d8AnEERwLa7Dvjegm4I2md_cXGhMBOyi9Z4OlVs1QcSKG=s10000,Free breakfast|Free Wi-Fi|Free parking|Outdoor pool|Air conditioning|Pet-friendly|Fitness center|Spa,"Unfussy quarters in a premium resort with dining, a spa & an outdoor pool, plus direct beach access."
"Holiday Inn Resort Goa, an IHG Hotel","Cavelossim Beach, Goa",Goa,India,+1 000-555-1085,reservations@holiday-inn-resort-goa-an-ihg-hotel.example.com,5,HOTEL,75,https://lh3.googleusercontent.com/gps-cs-s/APNQkAEpFu--8rqO-Fqcp12xtVREKb5_hKA72hGHiC_zR8twm-514Egd32tufZs-7aLakAC3FIXZqkuxGHKLMKG7NUy8SQS5xZWKTlnZkWQ6hUMMkA4vQdAaT4hnQeI1AsubPFklW8fK=s10000,Breakfast ($)|Free Wi-Fi|Free parking|Outdoor pool|Hot tub|Air conditioning|Fitness center|Spa,"Polished resort with 3 restaurants & a bar, plus an Ayurvedic spa, an outdoor pool & beach access."
"Taj Cidade De Goa Heritage, Goa","Dona Paula Beach, Goa",Goa,India,+1 000-555-1086,reservations@taj-cidade-de-goa-heritage-goa.example.com,5,HOTEL,142,https://lh3.googleusercontent.com/gps-cs-s/APNQkAF0zYiPIH3PthZ0um8LyTEOc_M3KJ-FZTctr2e8ADZ8GZe5CbZ_6GmJlS3R_FFucEHcFRvs_dPAshI2L42ehrlIwUC_kqDvcUZfTzSZH5l4y-7nQJPr5xq-QIAVtanPSvLABQbg=s10000,Free breakfast|Free Wi-Fi|Parking|Outdoor pool|Hot tub|Air conditioning|Pet-friendly|Fitness center,"Upmarket beach resort with 5 restaurants & 2 bars, plus an outdoor pool & an Ayurvedic spa."
Radisson Blu Resort Goa Cavelossim Beach,"Betul Beach, Goa",Goa,India,+1 000-555-1087,reservations@radisson-blu-resort-goa-cavelossim-beach.example.com,5,HOTEL,122,https://lh3.googleusercontent.com/gps-cs-s/APNQkAEa9BQ05MCLgxLGO6k_eYM3AZm_WvZIc4-dg1fJU4AD4Oa-ol7FwjPpA_s6yvY3VHKJTzCwKvAgyAzQwk0kz8eHip_qrSyXlJpi4CytljPy0UXLY-tG6N5MEdwHXKJqL-SDqZehg29YC97M=s10000,Breakfast ($)|Free Wi-Fi|Free parking|Outdoor pool|Hot tub|Air conditioning|Fitness center|Spa,"Laid-back property offering airy quarters, plus 3 restaurants, a spa & an outdoor pool."
"The Fern Habitat Goa, Candolim, Series by Marriott","Sinq Night Club, Goa",Goa,India,+1 000-555-1088,reservations@the-fern-habitat-goa-candolim-series-by-marriott.example.com,4,HOTEL,51,https://photos.hotelbeds.com/giata/original/99/995715/995715a_hb_r_008.jpg,Breakfast ($)|Free Wi-Fi|Free parking|Outdoor pool|Air conditioning|Fitness center|Bar|Restaurant,A 4-star hotel in Goa with easy access to the city's top attractions.
DoubleTree by Hilton Goa - Panaji,"Basilica of Bom Jesus, Goa",Goa,India,+1 000-555-1089,reservations@doubletree-by-hilton-goa-panaji.example.com,5,HOTEL,53,https://lh3.googleusercontent.com/gps-cs-s/APNQkAH6zOYFOOstyrS8Oq00XE_yu3irkH5_wW7baWL1j84Nyf0OTknryADEb8iMwO7tAdBbKm_sZko84Ffr-sdgjrU0zxiOPqZsdbOujcrX2Mj0IyHVAVb2q9Z1Q_rEt50YqoSjvBvS=s10000,Breakfast ($)|Free Wi-Fi|Free parking|Outdoor pool|Air conditioning|Fitness center|Spa|Bar,"Stylish rooms & suites in an upscale hotel offering 3 restaurants, a spa & an infinity pool."
The LaLiT Golf & Spa Resort Goa,"Patnem Beach, Goa",Goa,India,+1 000-555-1090,reservations@the-lalit-golf-spa-resort-goa.example.com,5,HOTEL,107,https://lh3.googleusercontent.com/gps-cs-s/APNQkAHdo7hcATI6q0zGf0bGRnFZpzDUCbP5Gw4qWwoVQ35NaM0wLzPndDTxpFm0r4IdBt_hDSm1tjH3LIPXS3jC0eA1B3PkT_ma1wtWEOqgJljI6Rmmq9RREHX09PjO0zWpOQ_D0eoN=s10000,Free breakfast|Wi-Fi|Free parking|Outdoor pool|Hot tub|Air conditioning|Fitness center|Spa,"Plush suites & villas in a luxury property offering beachfront dining, a spa & a 9-hole golf course."
"Vinpearl Empire Nha Trang, Affiliated by Meliá","Night Market Nha Trang, Nha Trang",Nha Trang,Vietnam,+1 000-555-1091,reservations@vinpearl-empire-nha-trang-affiliated-by-meli.example.com,5,HOTEL,59,https://photos.hotelbeds.com/giata/original/64/640763/640763a_hb_p_002.jpg?20250407223349?20250627041253,Breakfast|Free Wi-Fi|Parking|Outdoor pool|Air conditioning|Fitness center|Spa|Bar,"Elegant rooms & suites in an upscale hotel with an outdoor pool, 2 restaurants & a bar."
InterContinental Nha Trang by IHG,"Tram Huong Tower, Nha Trang",Nha Trang,Vietnam,+1 000-555-1092,reservations@intercontinental-nha-trang-by-ihg.example.com,5,HOTEL,159,https://lh3.googleusercontent.com/gps-cs-s/APNQkAFxndJFz6zpXmGR_BHE2JYE0ed7dpRpChiyGdIwoaL8W5FhB5XR9L2-CLRGaiyaISg8WAnkE_PmLgqlYA-zYRSMACoXNxpjeabaqLiTMy12rmfh5sw_Cp5vFY0hK4ZAGyRmJEWl=s10000,Breakfast ($)|Free Wi-Fi|Free parking|Pools|Hot tub|Air conditioning|Fitness center|Spa,"Sophisticated quarters, some with bay views, plus a sleek restaurant, 3 pools, 2 bars & a spa."
The Signature Hotel Nha Trang,"Mountain Church, Nha Trang",Nha Trang,Vietnam,+1 000-555-1093,reservations@the-signature-hotel-nha-trang.example.com,5,HOTEL,53,https://lh3.googleusercontent.com/gps-cs-s/APNQkAGE25tUA0af9Aog39LqwkPip6CkD4GTGD2-oYcAE0fsQu4DDLjzHKG0kFNfxOEFd2ksRw2HyvOms4CmrN3P4CMiCBmjwS57kX5WmM2ejRF_gheBNMifJ_XEAuvhQ0qMF3mqgLOi=s10000,Free breakfast|Free Wi-Fi|Free parking|Pools|Hot tub|Air conditioning|Fitness center|Spa,A 5-star hotel in Nha Trang with easy access to the city's top attractions.
Grand Tourane Nha Trang Hotel,"Bãi biển Nha Trang, Nha Trang",Nha Trang,Vietnam,+1 000-555-1094,reservations@grand-tourane-nha-trang-hotel.example.com,4,HOTEL,30,https://lh3.googleusercontent.com/gps-cs-s/APNQkAFGyEPDCEa6H1bhkxJWxZs9eb4A52HxkNcCmxIEJnKMkkzajcEFUCu_L7_tcRDKzfJAUtoJgU16p6onrewM0YyonvHSaSQ1YlaW1PXVZ0k2E4_x6P8PZdIvwii1wrAb79qdAEVZgg=s10000,Free breakfast|Free Wi-Fi|Free parking|Outdoor pool|Hot tub|Air conditioning|Fitness center|Spa,A 4-star hotel in Nha Trang with easy access to the city's top attractions.
Vinpearl Resort & Spa Nha Trang Bay,"VinWonders Nha Trang, Nha Trang",Nha Trang,Vietnam,+1 000-555-1095,reservations@vinpearl-resort-spa-nha-trang-bay.example.com,5,HOTEL,171,https://lh3.googleusercontent.com/gps-cs-s/APNQkAGFYmq5ISNRunDyHN2ZYPj5R1IXeVGu2q2vbLc2bWPqoPitNuva6fOwLH5fljzyDMZ8Vf_xzrBiAGC9V94WKFytO8oPq9MSWRcA1bBCl_zDJRx27ZtOMpltFKUxvTVLJYKR-NKH=s10000,Free breakfast|Free Wi-Fi|Free parking|Outdoor pool|Hot tub|Air conditioning|Fitness center|Spa,"Understated quarters in a beachfront resort with indoor & outdoor pools, plus a spa, dining & bars."
Havana Nha Trang Hotel,"Tram Huong Tower, Nha Trang",Nha Trang,Vietnam,+1 000-555-1096,reservations@havana-nha-trang-hotel.example.com,5,HOTEL,56,https://lh3.googleusercontent.com/gps-cs-s/APNQkAE0uPfLh0PeqOUd8c4EdTbEPhK0iM65ccDdN_Bc_UkakNjEW8QMOqRQNBbgA3fUlbC5t_M_vr4_JxX1rjbOJy7X4_lUazFhme7xWDbAkTi8sQ7jUFrMJdOYhlw0Ywm0DEzF39W4=s10000,Free breakfast|Free Wi-Fi|Parking|Pools|Hot tub|Air conditioning|Fitness center|Spa,"Modern quarters in a polished hotel offering direct beach access, plus restaurants, a spa & a pool."
"Nha Trang Marriott Resort & Spa, Hon Tre Island","VinWonders Nha Trang, Nha Trang",Nha Trang,Vietnam,+1 000-555-1097,reservations@nha-trang-marriott-resort-spa-hon-tre-island.example.com,5,HOTEL,134,https://lh3.googleusercontent.com/gps-cs-s/APNQkAFLFzZRVuiV7g93D_qVWWFS8MCMvQ6XAZMqXWrhP-355zpt73cEt6d8y3BubmQ11Lm6fUcHS6sDjn1uomkeaNPSYMC7FCAo5k57zL9onQbigkLs9IlNcyNOEZfGT4babUAC6irI=s10000,Breakfast ($)|Free Wi-Fi|Free parking|Outdoor pool|Air conditioning|Fitness center|Spa|Bar,A 5-star hotel in Nha Trang with easy access to the city's top attractions.
VIRGO HOTEL NHA TRANG,"Night Market Nha Trang, Nha Trang",Nha Trang,Vietnam,+1 000-555-1098,reservations@virgo-hotel-nha-trang.example.com,5,HOTEL,33,https://lh3.googleusercontent.com/gps-cs-s/APNQkAFjk3XgwC5wtbjvXgxV4TtP1JMvp3DpL2GLVzTBn7H5B-rD357Q5KiypyZ4Zu5STuXs-ucepO7qbKOcJ9YX6nnZvtD8Ka7mqnEPZPba51GDOOJ-pcQnmNjbSelyO3Gezjk4yD4=s10000,Free breakfast|Free Wi-Fi|Free parking|Indoor pool|Hot tub|Air conditioning|Spa|Bar,A 5-star hotel in Nha Trang with easy access to the city's top attractions.
Sheraton Nha Trang Hotel & Spa,"Yersin museum, Nha Trang",Nha Trang,Vietnam,+1 000-555-1099,reservations@sheraton-nha-trang-hotel-spa.example.com,5,HOTEL,138,https://lh3.googleusercontent.com/gps-cs-s/APNQkAEu7BAGRfEFPxedQlactIvWCZB_fCv58XEtmDzfTMVAeikuRqtutAtb-C_MWysOQOJwUVIOiViHMNI9T-jlweyVDR43lsmtT9fj0kVCVy_xG2N_ekPW505mm4eZN5nIjCLZiyT5=s10000,Free breakfast|Free Wi-Fi|Free parking|Outdoor pool|Hot tub|Air conditioning|Fitness center|Spa,"Stylish lodging offering warm rooms & suites with balconies, plus dining, an infinity pool & a spa."
Quinter Central Nha Trang,"Long Son Pagoda, Nha Trang",Nha Trang,Vietnam,+1 000-555-1100,reservations@quinter-central-nha-trang.example.com,5,HOTEL,28,https://lh3.googleusercontent.com/gps-cs-s/APNQkAEWxlTvMWYoOtVvH6yLUmtGpozHdXQlWXFEUaFpetRJY0lQmYhgu1y3eXi_VtPb9cFtMGVo4CoAoV23Q9GqZBIdrj4H8qu4m3J4cIVIRCGssvXIoNlsEDGHb412icpR-kc0ZXIm=s10000,Free breakfast|Free Wi-Fi|Free parking|Outdoor pool|Hot tub|Air conditioning|Fitness center|Spa,"Sleek quarters in a fashionable hotel with upscale dining, a spa & a rooftop pool, plus bay views."
